id,название,цена,бренд,скидка,рейтинг,в наличии,id продавца,image
101786933,Духи масляные Arabian Night HYPNOTIQUE,704.0,Parfums Louis Armand,0,5,10,29727,https://basket-06.wb.ru/vol1017/part101786/101786933/images/big/1.jpg;https://basket-06.wb.ru/vol1017/part101786/101786933/images/big/2.jpg;https://basket-06.wb.ru/vol1017/part101786/101786933/images/big/3.jpg;https://basket-06.wb.ru/vol1017/part101786/101786933/images/big/4.jpg;https://basket-06.wb.ru/vol1017/part101786/101786933/images/big/5.jpg;https://basket-06.wb.ru/vol1017/part101786/101786933/images/big/6.jpg;https://basket-06.wb.ru/vol1017/part101786/101786933/images/big/7.jpg;https://basket-06.wb.ru/vol1017/part101786/101786933/images/big/8.jpg;https://basket-06.wb.ru/vol1017/part101786/101786933/images/big/9.jpg;
101780865,Духи масляные Arabian Night INTENSE,616.0,Parfums Louis Armand,0,5,10,29727,https://basket-06.wb.ru/vol1017/part101780/101780865/images/big/1.jpg;https://basket-06.wb.ru/vol1017/part101780/101780865/images/big/2.jpg;https://basket-06.wb.ru/vol1017/part101780/101780865/images/big/3.jpg;https://basket-06.wb.ru/vol1017/part101780/101780865/images/big/4.jpg;https://basket-06.wb.ru/vol1017/part101780/101780865/images/big/5.jpg;https://basket-06.wb.ru/vol1017/part101780/101780865/images/big/6.jpg;https://basket-06.wb.ru/vol1017/part101780/101780865/images/big/7.jpg;https://basket-06.wb.ru/vol1017/part101780/101780865/images/big/8.jpg;https://basket-06.wb.ru/vol1017/part101780/101780865/images/big/9.jpg;
145328605,Эфирное масло для тела с феромонами 30мл,508.0,Parfums Louis Armand,12,5,1,29727,https://basket-10.wb.ru/vol1453/part145328/145328605/images/big/1.jpg;https://basket-10.wb.ru/vol1453/part145328/145328605/images/big/2.jpg;https://basket-10.wb.ru/vol1453/part145328/145328605/images/big/3.jpg;https://basket-10.wb.ru/vol1453/part145328/145328605/images/big/4.jpg;
166822730,Мист для тела Parfum Mist Replique парфюмированный спрей,437.0,Art Parfum,3,4,12,29727,https://basket-12.wb.ru/vol1668/part166822/166822730/images/big/1.jpg;https://basket-12.wb.ru/vol1668/part166822/166822730/images/big/2.jpg;https://basket-12.wb.ru/vol1668/part166822/166822730/images/big/3.jpg;https://basket-12.wb.ru/vol1668/part166822/166822730/images/big/4.jpg;https://basket-12.wb.ru/vol1668/part166822/166822730/images/big/5.jpg;https://basket-12.wb.ru/vol1668/part166822/166822730/images/big/6.jpg;
145178115,Парфюм Aqva Man Sport туалетная вода 100 мл,561.0,Art Parfum,0,5,4,29727,https://basket-10.wb.ru/vol1451/part145178/145178115/images/big/1.jpg;https://basket-10.wb.ru/vol1451/part145178/145178115/images/big/2.jpg;https://basket-10.wb.ru/vol1451/part145178/145178115/images/big/3.jpg;https://basket-10.wb.ru/vol1451/part145178/145178115/images/big/4.jpg;
100799604,Вода парфюмерная женская духи Cote de Parfum Charm,624.0,Art Parfum,0,5,4,29727,https://basket-05.wb.ru/vol1007/part100799/100799604/images/big/1.jpg;https://basket-05.wb.ru/vol1007/part100799/100799604/images/big/2.jpg;https://basket-05.wb.ru/vol1007/part100799/100799604/images/big/3.jpg;
141327159,Вода парфюмерная Numero de Parfum 16 духи женские,624.0,Art Parfum,0,5,2,29727,https://basket-10.wb.ru/vol1413/part141327/141327159/images/big/1.jpg;https://basket-10.wb.ru/vol1413/part141327/141327159/images/big/2.jpg;https://basket-10.wb.ru/vol1413/part141327/141327159/images/big/3.jpg;
101631973,Парфюмерная вода духи мужские Incognito Homme 100мл,685.0,Art Parfum,0,5,5,29727,https://basket-06.wb.ru/vol1016/part101631/101631973/images/big/1.jpg;https://basket-06.wb.ru/vol1016/part101631/101631973/images/big/2.jpg;https://basket-06.wb.ru/vol1016/part101631/101631973/images/big/3.jpg;
100808780,Вода парфюмерная для женщин SOLO Fleur,685.0,Art Parfum,7,4,5,29727,https://basket-06.wb.ru/vol1008/part100808/100808780/images/big/1.jpg;https://basket-06.wb.ru/vol1008/part100808/100808780/images/big/2.jpg;https://basket-06.wb.ru/vol1008/part100808/100808780/images/big/3.jpg;
141326191,Вода парфюмерная Numero de Parfum 19 духи женские,882.0,Art Parfum,0,5,2,29727,https://basket-10.wb.ru/vol1413/part141326/141326191/images/big/1.jpg;https://basket-10.wb.ru/vol1413/part141326/141326191/images/big/2.jpg;https://basket-10.wb.ru/vol1413/part141326/141326191/images/big/3.jpg;
101652938,Парфюмерная вода духи мужские Incognito Intense 100 мл,685.0,Art Parfum,0,5,5,29727,https://basket-06.wb.ru/vol1016/part101652/101652938/images/big/1.jpg;https://basket-06.wb.ru/vol1016/part101652/101652938/images/big/2.jpg;https://basket-06.wb.ru/vol1016/part101652/101652938/images/big/3.jpg;
147942323,Вода парфюмерная Unique Le Fleur,415.0,Art Parfum,0,5,2,29727,https://basket-10.wb.ru/vol1479/part147942/147942323/images/big/1.jpg;https://basket-10.wb.ru/vol1479/part147942/147942323/images/big/2.jpg;https://basket-10.wb.ru/vol1479/part147942/147942323/images/big/3.jpg;
101660129,Парфюмерная вода духи мужские Incognito United 100мл,623.0,Art Parfum,7,5,5,29727,https://basket-06.wb.ru/vol1016/part101660/101660129/images/big/1.jpg;https://basket-06.wb.ru/vol1016/part101660/101660129/images/big/2.jpg;https://basket-06.wb.ru/vol1016/part101660/101660129/images/big/3.jpg;
166822731,Мист для тела Parfum Mist Replique парфюмированный спрей,510.0,Art Parfum,0,4,12,29727,https://basket-12.wb.ru/vol1668/part166822/166822731/images/big/1.jpg;https://basket-12.wb.ru/vol1668/part166822/166822731/images/big/2.jpg;https://basket-12.wb.ru/vol1668/part166822/166822731/images/big/3.jpg;https://basket-12.wb.ru/vol1668/part166822/166822731/images/big/4.jpg;https://basket-12.wb.ru/vol1668/part166822/166822731/images/big/5.jpg;
145178116,Туалетная вода Aqva Man Atlantic 100 мл,679.0,Art Parfum,0,5,4,29727,https://basket-10.wb.ru/vol1451/part145178/145178116/images/big/1.jpg;https://basket-10.wb.ru/vol1451/part145178/145178116/images/big/2.jpg;https://basket-10.wb.ru/vol1451/part145178/145178116/images/big/3.jpg;https://basket-10.wb.ru/vol1451/part145178/145178116/images/big/4.jpg;
141293624,Вода парфюмерная Selection White Chocola духи женские,760.0,Art Parfum,0,4,4,29727,https://basket-10.wb.ru/vol1412/part141293/141293624/images/big/1.jpg;https://basket-10.wb.ru/vol1412/part141293/141293624/images/big/2.jpg;https://basket-10.wb.ru/vol1412/part141293/141293624/images/big/3.jpg;
100804279,Вода парфюмерная духи женские Color.Zone Sunlight,588.0,Art Parfum,4,4,3,29727,https://basket-06.wb.ru/vol1008/part100804/100804279/images/big/1.jpg;https://basket-06.wb.ru/vol1008/part100804/100804279/images/big/2.jpg;https://basket-06.wb.ru/vol1008/part100804/100804279/images/big/3.jpg;
166822734,Мист для тела Parfum Mist Replique парфюмированный спрей,510.0,Art Parfum,0,4,12,29727,https://basket-12.wb.ru/vol1668/part166822/166822734/images/big/1.jpg;https://basket-12.wb.ru/vol1668/part166822/166822734/images/big/2.jpg;https://basket-12.wb.ru/vol1668/part166822/166822734/images/big/3.jpg;https://basket-12.wb.ru/vol1668/part166822/166822734/images/big/4.jpg;https://basket-12.wb.ru/vol1668/part166822/166822734/images/big/5.jpg;
147842609,Вода парфюмерная Unique L`eclat,415.0,Art Parfum,3,5,2,29727,https://basket-10.wb.ru/vol1478/part147842/147842609/images/big/1.jpg;https://basket-10.wb.ru/vol1478/part147842/147842609/images/big/2.jpg;https://basket-10.wb.ru/vol1478/part147842/147842609/images/big/3.jpg;
146938532,Зубная паста VI-CARE ACTIVE NEEM с нимом 100гр,283.0,Art Parfum,0,5,2,29727,https://basket-10.wb.ru/vol1469/part146938/146938532/images/big/1.jpg;https://basket-10.wb.ru/vol1469/part146938/146938532/images/big/2.jpg;https://basket-10.wb.ru/vol1469/part146938/146938532/images/big/3.jpg;https://basket-10.wb.ru/vol1469/part146938/146938532/images/big/4.jpg;
141326871,Вода парфюмерная Numero de Parfum 12 духи женские,882.0,Art Parfum,0,5,2,29727,https://basket-10.wb.ru/vol1413/part141326/141326871/images/big/1.jpg;https://basket-10.wb.ru/vol1413/part141326/141326871/images/big/2.jpg;https://basket-10.wb.ru/vol1413/part141326/141326871/images/big/3.jpg;
147838243,Вода парфюмерная Unique Imperatrice,415.0,Art Parfum,4,5,2,29727,https://basket-10.wb.ru/vol1478/part147838/147838243/images/big/1.jpg;https://basket-10.wb.ru/vol1478/part147838/147838243/images/big/2.jpg;https://basket-10.wb.ru/vol1478/part147838/147838243/images/big/3.jpg;
166822733,Мист для тела Parfum Mist Replique парфюмированный спрей,510.0,Art Parfum,6,4,12,29727,https://basket-12.wb.ru/vol1668/part166822/166822733/images/big/1.jpg;https://basket-12.wb.ru/vol1668/part166822/166822733/images/big/2.jpg;https://basket-12.wb.ru/vol1668/part166822/166822733/images/big/3.jpg;https://basket-12.wb.ru/vol1668/part166822/166822733/images/big/4.jpg;https://basket-12.wb.ru/vol1668/part166822/166822733/images/big/5.jpg;
141115420,Вода парфюмерная Antourage Le Rose духи женские,686.0,Art Parfum,0,5,40,29727,https://basket-10.wb.ru/vol1411/part141115/141115420/images/big/1.jpg;https://basket-10.wb.ru/vol1411/part141115/141115420/images/big/2.jpg;https://basket-10.wb.ru/vol1411/part141115/141115420/images/big/3.jpg;
147832693,Вода парфюмерная Unique Ciel Bleu,415.0,Art Parfum,0,5,2,29727,https://basket-10.wb.ru/vol1478/part147832/147832693/images/big/1.jpg;https://basket-10.wb.ru/vol1478/part147832/147832693/images/big/2.jpg;https://basket-10.wb.ru/vol1478/part147832/147832693/images/big/3.jpg;
140346702,Туалетная вода Métallique Element 100мл,612.0,Art Parfum,0,4,6,29727,https://basket-10.wb.ru/vol1403/part140346/140346702/images/big/1.jpg;https://basket-10.wb.ru/vol1403/part140346/140346702/images/big/2.jpg;https://basket-10.wb.ru/vol1403/part140346/140346702/images/big/3.jpg;
101595626,Духи Imperatrice de Charme Delice,680.0,Art Parfum,0,5,4,29727,https://basket-06.wb.ru/vol1015/part101595/101595626/images/big/1.jpg;https://basket-06.wb.ru/vol1015/part101595/101595626/images/big/2.jpg;https://basket-06.wb.ru/vol1015/part101595/101595626/images/big/3.jpg;
145178114,Туалетная вода Aqva Man Cool 100 мл,681.0,Art Parfum,0,5,4,29727,https://basket-10.wb.ru/vol1451/part145178/145178114/images/big/1.jpg;https://basket-10.wb.ru/vol1451/part145178/145178114/images/big/2.jpg;https://basket-10.wb.ru/vol1451/part145178/145178114/images/big/3.jpg;https://basket-10.wb.ru/vol1451/part145178/145178114/images/big/4.jpg;
