id,название,цена,бренд,продаж,рейтинг,в наличии
166153500,Бальзам после бритья AQUA DI MARE sensitive,9.98,Art Parfum,11,5,22
144280686,"Туалетная вода женская Solo Blanc, 100 мл",29.44,Art Parfum,7,0,7
170707571,Парфюмерная вода Etre Charmante 50 мл,25.81,Art Parfum,17,0,18
166822730,Мист для тела Parfum Mist Replique парфюмированный спрей,13.29,Art Parfum,12,4,12
145178115,Парфюм Aqva Man Sport туалетная вода 100 мл,17.05,Art Parfum,0,5,4
141327159,Вода парфюмерная Numero de Parfum 16 духи женские,15.37,Art Parfum,18,5,2
101631973,Парфюмерная вода духи мужские Incognito Homme 100мл,16.88,Art Parfum,22,5,5
100799604,Вода парфюмерная женская духи Cote de Parfum Charm,15.37,Art Parfum,20,5,4
166911714,Туалетная вода SOLO FRAICHE,16.3,Art Parfum,25,2,22
145178116,Туалетная вода Aqva Man Atlantic 100 мл,16.74,Art Parfum,16,5,4
141326191,Вода парфюмерная Numero de Parfum 19 духи женские,21.72,Art Parfum,11,5,2
101652938,Парфюмерная вода духи мужские Incognito Intense 100 мл,16.89,Art Parfum,15,5,5
101660129,Парфюмерная вода духи мужские Incognito United 100мл,15.35,Art Parfum,32,5,5
100808780,Вода парфюмерная для женщин SOLO Fleur,16.89,Art Parfum,32,4,5
166822734,Мист для тела Parfum Mist Replique парфюмированный спрей,15.52,Art Parfum,0,4,12
147842609,Вода парфюмерная Unique L`eclat,12.62,Art Parfum,14,5,2
147942323,Вода парфюмерная Unique Le Fleur,12.62,Art Parfum,4,5,2
144287954,"Туалетная Вода Solo L'eau, 100 мл",29.46,Art Parfum,0,5,7
141326871,Вода парфюмерная Numero de Parfum 12 духи женские,21.72,Art Parfum,2,5,2
139395794,Вода парфюмерная для женщин SOLO Blanc духи,17.47,Art Parfum,24,5,18
146938532,Зубная паста VI-CARE ACTIVE NEEM с нимом 100гр,9.06,Art Parfum,5,5,2
166822733,Мист для тела Parfum Mist Replique парфюмированный спрей,15.52,Art Parfum,15,4,12
166822731,Мист для тела Parfum Mist Replique парфюмированный спрей,15.52,Art Parfum,0,4,12
141115420,Вода парфюмерная Antourage Le Rose духи женские,17.02,Art Parfum,13,5,40
141293624,Вода парфюмерная Selection White Chocola духи женские,18.74,Art Parfum,13,4,4
144437433,"Туалетная вода Imperatrice de Charme Frais, 80 мл",21.64,Art Parfum,0,3,5
66167160,Туалетная вода MONAMUR BELLE,19.71,Art Parfum,16,4,22
100804279,Вода парфюмерная духи женские Color.Zone Sunlight,17.86,Art Parfum,14,4,3
166911742,Туалетная вода COLOR ZONE BLUE SKY,15.93,Art Parfum,0,0,22
140346702,Туалетная вода Métallique Element 100мл,15.09,Art Parfum,26,4,6
147838243,Вода парфюмерная Unique Imperatrice,12.62,Art Parfum,14,5,2
147832693,Вода парфюмерная Unique Ciel Bleu,12.62,Art Parfum,2,5,2
139398034,Вода парфюмерная ICONE de Style Velours,17.47,Art Parfum,25,5,18
170707755,Парфюмерная вода Etre Surpise 50 мл,25.81,Art Parfum,22,5,18
174609129,Лосьон после бритья Aqua Di Mare Cool 100 мл,10.85,Art Parfum,8,5,15
173334924,Бальзам после бритья Aqua di Mare Sensitive 100мл,10.02,Art Parfum,13,5,6
166911688,Туалетная вода COLOR ZONE SEA BREEZE,15.91,Art Parfum,18,5,22
166911691,Туалетная вода IMPERATRICE VIERGE,15.25,Art Parfum,15,0,22
144930702,Духи Imperatrice de Charme Frais,16.55,Art Parfum,13,5,8
139466710,ВодапарфюмернаяColor.Zone Blue Sky духи женские,16.17,Art Parfum,0,5,18
166911715,Туалетная вода AVENUE COUTURE,18.31,Art Parfum,25,5,22
97100281,"Туалетная вода ""ICONE DE STYLE POUDRE"", 100 мл",20.19,Art Parfum,18,5,8
176239681,Лосьон после бритья Aqua Di Mare Active 100 мл,10.19,Art Parfum,9,5,15
166885978,AQUA DI MARE Лосьон после бритья BREEZE,9.94,Art Parfum,0,0,56
166911720,Туалетная вода AVENUE MODERN,18.31,Art Parfum,25,0,22
166911693,Туалетная вода MONAMUR D'OR,17.64,Art Parfum,16,0,22
170053507,Парфюмерная вода Etre Charmante 50 мл,25.81,Art Parfum,19,0,18
74788371,"Туалетная Вода ""MONAMOUR D'or"", 95 мл",18.1,Art Parfum,10,5,4
139396735,Вода парфюмерная SOLO FRAICHE духи,17.47,Art Parfum,13,4,18
178089351,Лосьон после бритья Aqua Di Mare Breeze 100мл,11.59,Art Parfum,37,5,27
166911696,Туалетная вода COLOR ZONE PEACH FANTASY,15.91,Art Parfum,16,0,22
144930467,Духи Imperatrice de Charme Delice,16.55,Art Parfum,13,5,8
178089348,Лосьон после бритья Aqua Di Mare Cool 100мл,11.59,Art Parfum,0,5,27
75185526,"Парфюмерная вода ""Etre Aimee"", 50 мл",28.68,Art Parfum,11,3,9
77496606,Bourbon Club Black Jack Туалетная вода 100мл,12.88,Art Parfum,5,5,23
139512354,Духи женские парфюм Color.Zone Peach Fantasy,16.17,Art Parfum,9,5,18
166911700,Туалетная вода MONAMUR CHARME,17.64,Art Parfum,25,0,22
173059036,Лосьон после бритья Aqua Di Mare Active 100 мл,12.01,Art Parfum,3,0,9
139397859,Вода туалетная ICONE de Style Coton,17.47,Art Parfum,20,0,18
74730797,"Туалетная вода ""Imperatrice de Charme Frais"", 80 мл",17.68,Art Parfum,10,4,8
166911726,Туалетная вода SELECTION PINK EUPHORIA,18.39,Art Parfum,12,0,22
70430551,Aqua Di Mare Breeze Лосьон после бритья 100мл,11.02,Art Parfum,0,5,59
139397698,Вода туалетная ICONE de Style Poudre,17.47,Art Parfum,23,0,18
162914894,"Туалетная вода ""Incognito Intense"", для мужчин, 100 мл",20.57,Art Parfum,19,0,8
74736772,"Туалетная вода ""Imperatrice Delice"", женская, 80 мл",17.62,Art Parfum,13,5,8
166890823,Парфюмерная вода ETRE SURPRISE,27.2,Art Parfum,26,0,22
139683302,Парфюмерная вода духи мужские Incognito Homme 100мл,15.24,Art Parfum,21,3,18
161512212,Aqua Di Mare Бальзам после бритья увлажняющий 100мл,10.54,Art Parfum,0,0,23
100011156,Туалетная вода -1 ШТ,53.21,Art Parfum,21,0,5
171489776,Parfumance Vanilla & Sandal Парфюмерная вода (edp) 100мл,20.25,Art Parfum,11,0,18
171613966,"Туалетная вода ""UNIQUE-Ciel Circle "", 50 мл",13.86,Art Parfum,0,0,8
166911708,Туалетная вода SELECTION WHITE CHOCOLA,18.39,Art Parfum,0,1,22
166911703,Туалетная вода GENTLEMEN CLUB STATUS,11.53,Art Parfum,17,0,22
139683684,Туалетная вода HOMME SPORT AQUA,16.92,Art Parfum,29,0,18
139683352,Парфюмерная вода духи мужские Incognito United 100мл,15.24,Art Parfum,27,0,18
94002598,Лосьон после бритья Aqua Di Mare Cool 100мл,12.13,Art Parfum,6,5,53
139398210,Вода туалетная ICONE de Style Cachemire,17.47,Art Parfum,14,0,18
143290274,Духи Imperatrice de Charme Delice,16.08,Art Parfum,23,0,18
139397009,Вода парфюмерная для женщин SOLO Fleur,17.47,Art Parfum,10,0,18
143290169,Духи Imperatrice de Charme Frais,16.08,Art Parfum,19,0,18
75181846,"Парфюмерная вода ""Etre Surpise"", женская, 50 мл",28.68,Art Parfum,11,4,9
67504895,Color.Zone Blue Sky Туалетная вода 50мл,17.89,Art Parfum,0,5,23
58473909,Color.Zone Sunlight Туалетная вода 50мл,17.89,Art Parfum,0,5,23
93359958,Лосьон после бритья Aqua Di Mare Active 100мл,11.87,Art Parfum,0,5,53
94002517,Лосьон после бритья Aqua Di Mare Breeze 100мл,12.13,Art Parfum,0,5,53
94002427,Лосьон после бритья Aqua Di Mare Active 100мл,12.13,Art Parfum,0,5,53
115948824,Aqua Di Mare Cool Лосьон после бритья 100мл,11.02,Art Parfum,7,5,59
158559880,"Парфюмерная вода ""Unique Rose Cristal"", 50 мл",18.23,Art Parfum,17,0,5
158555324,"Зубная паста ""DentaCare"", с экстрактом трав, 145 мл",14.89,Art Parfum,0,0,6
158553173,"Зубная паста ""VI-CARE ACTIVE NEEM"", с нимом 100 г",12.07,Art Parfum,0,0,6
162919314,"Туалетная вода ""Incognito United"", для мужчин, 100 мл",19.71,Art Parfum,17,0,8
169230281,"Парфюмированный мист для тела Mist Delight, без спирта 110мл",16.86,Art Parfum,11,5,39
70332758,Color.Zone Peach Fantasy Туалетная вода 50мл,17.89,Art Parfum,0,5,23
77496609,Bourbon Club Whiskey Sour Туалетная вода 100мл,12.88,Art Parfum,0,5,23
166890841,Парфюмерная вода ETRE CHARMANTE,27.2,Art Parfum,16,0,22
166890826,Парфюмерная вода ETRE AIMEE,27.2,Art Parfum,16,0,22
170708687,Туалетная вода Axioma Resolute,25.81,Art Parfum,16,0,18
170054001,Туалетная вода Axioma Resolute,25.26,Art Parfum,16,0,18
170855407,Parfumance Apple & Jasmine Парфюмированная вода (edp) 100мл,24.7,Art Parfum,16,0,18
170855563,Parfumance Vanilla & Sandal Парфюмерная вода (edp) 100мл,24.7,Art Parfum,16,0,18
171489535,Parfumance Apple & Jasmine Парфюмированная вода (edp) 100мл,20.25,Art Parfum,16,0,18
166911725,Туалетная вода AVENUE DELICE,18.31,Art Parfum,16,5,22
166911737,Туалетная вода MONAMUR BELLE,17.64,Art Parfum,16,0,22
139683534,"Туалетная вода ""Homme Sport №1"", 100 мл",16.92,Art Parfum,41,0,18
166911713,Туалетная вода SOLO FLEUR,16.3,Art Parfum,16,0,22
166911727,Туалетная вода ICONE DE STYLE CACHEMIRE,15.19,Art Parfum,15,0,22
166911735,Туалетная вода IMPERATRICE PLAISIR,18.52,Art Parfum,0,0,22
166911702,Туалетная вода IMPERATRICE DELICE,18.52,Art Parfum,0,0,22
178541067,Парфюмированный Мист для тела Replique Eclat 250ml,17.76,Art Parfum,0,0,8
166911743,Туалетная вода COLOR ZONE SUNLIGHT,15.91,Art Parfum,0,0,22
169498544,Парфюмированный Мист для тела Replique Eclat 250ml,15.05,Art Parfum,0,0,8
175874720,Туалетная вода Reserve Victory 100 мл,15.0,Art Parfum,12,0,22
169449575,Парфюмированный Мист для тела Replique Eclat 250ml,14.81,Art Parfum,0,0,8
166911719,Туалетная вода RESERVE PLATINUM,14.14,Art Parfum,0,0,22
178089350,Бальзам после бритья Aqua Di Mare Comfort&Care 100 мл,11.59,Art Parfum,0,5,27
166885980,AQUA DI MARE Лосьон после бритья COOL,9.94,Art Parfum,0,0,56
166885976,AQUA DI MARE Лосьон после бритья ACTIVE,9.94,Art Parfum,7,0,56
175871866,Туалетная вода Numero de Parfum 991 100мл,17.54,Art Parfum,16,0,22
175873164,Туалетная вода Numero de Parfum 808 100 мл,17.54,Art Parfum,16,0,22
175863855,Туалетная вода Numero de Parfum 515 100 мл,17.54,Art Parfum,16,0,22
170053645,"Парфюмерная вода ""Etre Surpise"", женская, 50 мл",25.26,Art Parfum,11,0,18
170853490,Parfumance Patchouli & Maracuja Парфюмерная вода (edp) 100мл,24.7,Art Parfum,16,0,18
171489087,Parfumance Patchouli & Maracuja Парфюмерная вода (edp) 100мл,20.25,Art Parfum,16,0,18
169230336,"Парфюмированный мист для тела Mist Casual, без спирта 110мл",16.86,Art Parfum,13,2,39
145178114,Туалетная вода Aqva Man Cool 100 мл,16.79,Art Parfum,16,5,4
166911707,Туалетная вода GENTLEMEN CLUB ELITE,11.53,Art Parfum,0,0,22
166911711,Туалетная вода GENTLEMEN CLUB PRIVAT,11.53,Art Parfum,0,0,22
139683080,Парфюмерная вода духи мужские Incognito Intense 100 мл,15.24,Art Parfum,16,0,18
70332752,Unique L'eclat Туалетная вода 50мл,12.88,Art Parfum,0,5,23
101595626,Духи Imperatrice de Charme Delice,16.77,Art Parfum,16,5,4
70332755,Solo Fleur Туалетная вода 100мл,17.32,Art Parfum,17,5,23
50302434,Imperatrice de Charme Frais Туалетная вода 80мл,15.75,Art Parfum,14,5,23
70429435,Etre Surprise Парфюмированная вода 50мл,27.57,Art Parfum,18,1,23
77496608,Bourbon Club Blue Shark Туалетная вода 100мл,12.88,Art Parfum,0,5,23
58475992,Incognito Homme Туалетная вода 100мл,15.51,Art Parfum,13,5,23
161125532,Туалетная вода COLOR ZONE PEACH FANTASY,17.49,Art Parfum,26,5,3
144469404,"Туалетная вода Antourage Celeste, 50 мл",25.66,Art Parfum,0,0,5
166297837,Parfumance Vanilla & Sandal Парфюмерная вода (edp) 100мл,19.57,Art Parfum,16,4,23
114580390,Incognito United Туалетная вода 100мл,15.51,Art Parfum,23,5,23
166297831,Parfumance Apple & Jasmine Парфюмированная вода (edp) 100мл,19.57,Art Parfum,18,5,23
70332765,Unique L'eau Туалетная вода 50мл,12.88,Art Parfum,10,5,23
70429434,Etre Aimеe Парфюмированная вода 50мл,27.57,Art Parfum,24,5,23
70429436,Etre Charmante Парфюмированная вода 50мл,27.57,Art Parfum,20,5,23
70332753,Solo Fraiche Туалетная вода 100мл,17.32,Art Parfum,13,5,23
70332759,Imperatrice de Charme Delice Туалетная вода 80мл,15.75,Art Parfum,12,5,23
114580395,Incognito Intense Туалетная вода 100мл,15.51,Art Parfum,30,5,23
70332761,Unique Imperatrice Туалетная вода 50мл,12.88,Art Parfum,0,5,23
70332766,Unique Le Fleur Туалетная вода 50мл,12.88,Art Parfum,0,5,23
141535288,Unique Ciel Bleu Туалетная вода (edt) 50мл,12.88,Art Parfum,0,5,23
70332751,Unique Circle Туалетная вода 50мл,12.88,Art Parfum,7,5,23
166297836,Parfumance Patchouli & Maracuja Парфюмерная вода (edp) 100мл,19.57,Art Parfum,13,4,23
160035848,Бальзам после бритья Aqua Di Mare Sensitive 100мл,9.82,Art Parfum,7,5,25
161126776,Туалетная вода Galerie D'Aromes Ciel 100 мл,19.04,Art Parfum,26,5,4
169230289,"Парфюмированный мист для тела Mist Elegia, без спирта 110мл",16.86,Art Parfum,14,0,39
169230345,"Парфюмированный мист для тела Mist Modern, без спирта 110мл",16.86,Art Parfum,14,0,39
157396062,Вода туалетная Color.Zone Tender Pink женские духи,15.36,Art Parfum,19,0,4
161130659,Туалетная вода Imperatrice de Charme Frais,19.35,Art Parfum,11,0,4
151883647,Зубная паста с кальцием с экстрактом трав 145 мл,12.82,Art Parfum,0,0,18
161127324,Вода парфюмерная Galerie DAromes Lamour,19.04,Art Parfum,19,4,4
161139772,Вода парфюмерная SOLO Fleur,21.81,Art Parfum,19,0,5
161126896,Туалетная вода Galerie D'Aromes Jour,19.04,Art Parfum,27,0,4
161124525,Вода туалетная Antourage Celeste духи,17.51,Art Parfum,16,0,4
161121767,Вода туалетная Avenue Delice духи,23.96,Art Parfum,18,0,5
161122369,Туалетная вода Авеню Avenue Modern,23.96,Art Parfum,21,4,5
157395371,Вода туалетная Color.Zone Blue Sky духи женские,18.41,Art Parfum,14,3,3
172074777,Бальзампосле бритья Aqua Di Mare Sensitive 100мл,9.79,Art Parfum,5,0,30
161125201,Антураж Antourage Lumiere Туалетная вода 50мл,17.51,Art Parfum,20,0,4
144470277,"Туалетная вода Antourage Lumiere мужская, 50 мл",25.66,Art Parfum,6,0,5
161130151,Туалетная вода Imperatrice de Charme Delice,19.35,Art Parfum,17,5,4
161131114,Туалетная вода Императрица Imperatrice de Charme Plaisir,19.35,Art Parfum,17,0,4
161125649,Color.Zone Sunlight Туалетная вода 50мл,17.49,Art Parfum,17,0,3
160035788,Бальзам после бритья Aqua Di Mare Сomfort & Сare 100мл,9.68,Art Parfum,8,4,25
172074774,Бальзам после бритья Aqua Di Mare Сomfort & Сare 100мл,9.79,Art Parfum,2,0,30
143012276,Парфюмерия,34.02,Art Parfum,13,0,49
154831541,Парфюмированный мист для тела Parfum Mis,18.48,Art Parfum,13,0,28
178251410,Душистая вода Secret of love Glamour 100 мл,16.95,Art Parfum,17,0,2
178251514,Душистая вода Secret of love Magic 100 мл,16.95,Art Parfum,17,0,2
141816710,"Парфюмированный мист для тела Parfum Mist Vanilla Extract, 2",19.42,Art Parfum,8,0,57
178251852,Туалетная вода мужская Metallique Element 100,41.3,Art Parfum,17,0,6
178251360,Туалетная вода мужская Metallique Absolut 100,41.3,Art Parfum,17,0,6
178252631,Туалетная вода мужская Incognito United 100,35.2,Art Parfum,16,0,7
178252624,Туалетная вода мужская Incognito Homme 100,35.2,Art Parfum,16,0,7
178251918,Туалетная вода мужская Incognito Intense 100,35.2,Art Parfum,16,0,7
178251404,Туалетная вода женская Selection White Chocola,35.16,Art Parfum,17,0,6
178251456,Туалетная вода мужская Bourbon Club Blue,24.29,Art Parfum,16,0,5
178252482,Туалетная вода мужская Metallique Chrome 100,41.3,Art Parfum,17,0,6
178251957,Туалетная вода мужская Numero de Parfum,37.04,Art Parfum,17,0,7
178252135,Туалетная вода мужская Numero de Parfum,37.01,Art Parfum,17,0,6
173081139,Туалетная вода Monamour D'or lady 95 мл,23.0,Art Parfum,16,0,3
173081125,Туалетная вода Monamour Charme 95 мл,23.0,Art Parfum,12,0,3
173081145,Туалетная вода Icone de Style Coton lady 100 мл,20.06,Art Parfum,16,0,4
173081120,Туалетная вода Imperatrice de Charme Frais V lady 80 мл,19.6,Art Parfum,20,5,2
164374550,Бальзам после бритья муж Aqua Di Mare Comfort&Care 100мл,10.63,Art Parfum,6,0,12
173794867,"Туалетная вода Numero de Parfum 991, 100 мл",20.27,Art Parfum,10,0,3
173587375,Парфюмерная вода Etre Surprise 50 мл,32.49,Art Parfum,17,0,3
173587379,Парфюмерная вода Etre Aimee 50 мл,32.49,Art Parfum,10,0,3
173059035,Лосьон после бритья Aqua Di Mare Cool 100 мл,12.41,Art Parfum,0,0,9
173058779,Бальзам после бритья Aqua Di Mare Sensitive 100 мл,12.81,Art Parfum,4,0,16
145101798,Лосьон после бритья муж Aqua Di Mare Cool 100мл,13.28,Art Parfum,0,5,30
145101171,Лосьон после бритья муж Aqua Di Mare Active 100мл,13.17,Art Parfum,0,5,30
164374184,Бальзам после бритья муж Aqua Di Mare Sensinive 100мл,10.63,Art Parfum,3,0,12
176018403,MONAMOUR - BELLE Туалетная вода 95 мл,37.64,Art Parfum,16,0,6
176018435,MONAMOUR - CHARME Туалетная вода 95 мл,37.64,Art Parfum,16,0,6
176018884,SOLO - FLEUR Туалетная вода 100 мл,35.11,Art Parfum,16,0,6
176018461,ICONE DE STYLE - CASHEMIRE Туалетная вода 100 мл,33.3,Art Parfum,16,0,5
176018481,ICONE DE STYLE - COTON Туалетная вода 100 мл,33.3,Art Parfum,16,0,5
176018408,IMPERATRICE DE CHARME - DELICE Туалетная вода 80 мл,32.85,Art Parfum,16,0,6
176017204,GALERIE D' AROMES - JOUR Туалетная вода 100 мл,30.71,Art Parfum,16,0,4
176018437,COLOR. ZONE - BLUE SKY Туалетная вода 50 мл,28.81,Art Parfum,17,0,3
176018462,COLOR. ZONE - SUNLIGHT Туалетная вода 50 мл,28.81,Art Parfum,17,0,3
176019334,ANTOURAGE - LUMIERE Туалетная вода 50 мл,27.42,Art Parfum,16,0,4
176018422,GALERIE D' AROMES - L' AMOUR Туалетная вода 100 мл,26.59,Art Parfum,16,0,4
176018924,GALERIE D' AROMES - NUAGE Туалетная вода 100 мл,26.57,Art Parfum,16,0,4
172809177,NUMERO DE PARFUM - 12 Туалетные духи 50 мл,25.56,Art Parfum,16,0,6
176018885,RESERVE - VICTORY Туалетная вода 100 мл,25.37,Art Parfum,16,0,4
176018889,UNIQUE - LE FLEUR Туалетная вода 50 мл,22.55,Art Parfum,17,0,2
176019318,UNIQUE - CIEL BLEU Туалетная вода 50 мл,22.05,Art Parfum,17,0,2
176019307,UNIQUE - ROSE CRISTAL Туалетная вода 50 мл,22.05,Art Parfum,17,0,2
176018453,GENTLEMEN CLUB - STATUS Туалетная вода 100 мл,21.58,Art Parfum,16,0,3
176018477,GENTLEMEN CLUB - ELITE Туалетная вода 100 мл,21.58,Art Parfum,16,0,3
173081135,Туалетная вода Solo Fleur lady 100 мл,21.36,Art Parfum,16,0,3
173081141,Туалетная вода Icone de Style Cachemire lady 100 мл,20.06,Art Parfum,16,0,4
173081143,Туалетная вода Galerie D'Aromes JOUR lady 100 мл,18.86,Art Parfum,16,0,2
173081127,Туалетная вода Color.Zone Peach Fantasy lady 50 мл,17.16,Art Parfum,16,0,2
173081136,Туалетная вода Color.Zone Sea Breeze lady 50 мл,17.16,Art Parfum,17,0,2
173081142,Туалетная вода Color.Zone Sunlight lady 50 мл,17.16,Art Parfum,16,0,2
173081146,Туалетная вода Color.Zone Blue Sky lady 50 мл,17.16,Art Parfum,16,0,2
173081118,Туалетная вода Antourage Le Rose lady 50 мл,16.21,Art Parfum,16,0,2
173081129,Туалетная вода Antourage Lumiere lady 50 мл,16.21,Art Parfum,16,0,2
173794871,"Туалетная вода Reserve Victory, 100 мл",17.65,Art Parfum,0,0,3
173081123,Туалетная вода Unique Rose Cristal lady 50 мл,15.99,Art Parfum,0,0,2
173081126,Туалетная вода Unique Ciel Bleu lady 50 мл,15.99,Art Parfum,0,0,2
173081133,Туалетная вода Unique Le Fleur lady 50 мл,15.93,Art Parfum,0,0,1
173837577,"Парфюмированный мист для тела Modern, 110 мл",16.46,Art Parfum,0,0,55
173058780,Бальзам после бритья Aqua Di Mare ComfortCare 100 мл,12.81,Art Parfum,0,0,16
173059034,Лосьон после бритья Aqua Di Mare Breeze 100 мл,12.41,Art Parfum,0,0,9
173794869,"Туалетная вода Numero de Parfum 515, 100 мл",20.27,Art Parfum,11,0,3
173794870,"Туалетная вода Gentlemen club Status, 100 мл",16.04,Art Parfum,0,0,3
176018402,MONAMOUR - D' OR Туалетная вода 95 мл,37.64,Art Parfum,16,0,6
173794873,"Туалетная вода Gentlemen club Privat, 100 мл",16.04,Art Parfum,11,0,3
173081134,Туалетная вода Galerie D'Aromes NUAGE lady 100 мл,15.66,Art Parfum,16,0,2
173081117,Туалетная вода Antourage Celeste lady 50 мл,16.21,Art Parfum,16,0,2
173081121,Туалетная вода Unique Circle lady 50 мл,15.93,Art Parfum,0,0,1
173794863,"Туалетная вода Gentlemen club Elite, 100 мл",16.04,Art Parfum,0,0,3
173081128,Туалетная вода Monamour Belle lady 95 мл,23.0,Art Parfum,16,0,3
173081140,Туалетная вода Imperatrice de Charme Delice VII lady 80 мл,19.6,Art Parfum,17,0,2
176019329,NUMERO DE PARFUM - 991 Туалетная вода 100 мл,31.57,Art Parfum,16,0,5
176019344,NUMERO DE PARFUM - 515 Туалетная вода 100 мл,31.57,Art Parfum,16,0,5
176019378,NUMERO DE PARFUM - 808 Туалетная вода 100 мл,31.57,Art Parfum,16,0,5
176017849,IMPERATRICE DE CHARME - FRAIS Туалетная вода 80 мл,32.85,Art Parfum,16,0,6
176018421,COLOR. ZONE - PEACH FANTASY Туалетная вода 50 мл,28.09,Art Parfum,17,0,3
176019375,ANTOURAGE - CELESTE Туалетная вода 50 мл,27.42,Art Parfum,16,0,4
176019351,ANTOURAGE - LE ROSE Туалетная вода 50 мл,27.42,Art Parfum,16,0,4
176018911,UNIQUE - CIRCLE Туалетная вода 50 мл,22.55,Art Parfum,17,0,2
173587372,"Парфюмерная вода Numero de Parfum 12, 50 мл",14.96,Art Parfum,16,0,2
140411966,Туалетная вода SELECTION WHITE CHOCOLA 50 мл. женск,17.14,Art Parfum,15,3,12
